parameter,abs_posterior_mode,posterior_sd,posterior_variance
overnight_hrv_dev,0.18486792868821159,0.10496181173344636,0.011016981922367438
rhr_dev,0.08250244688410485,0.10297933530229202,0.010604743499301888
acute_load,0.06395825370619584,0.0789718668022776,0.0062365557462366735
